name,email,experience
ДевинИгорьВладимирович,email@email.com,60
УгаровВикторМихайлович,email@email.com,56
ДемчукАлексейПавлович,email@email.com,40
ГалкинАлексейВикторович,email@email.com,40
АрдаковИгорьГерасимович,email@email.com,30
ШутоваСветланаВитальевна,email@email.com,29
ГоринВячеславВикторович,email@email.com,26
БеляевМихаилВикторович,email@email.com,25
ВладимироваОльгаВикторовна,email@email.com,23
ДонченкоИванАндреевич,email@email.com,19
МироновМихаилАнатольевич,email@email.com,18
Alex,email@email.com,12
ТокареваЕленаВладимировна,email@email.com,11
